Participant_ID,Scenario_ID,Round_Number,Start_Time,End_Time,Fixation_Duration_ms,Fixation_Count,Latency_ms,Dwell_Time_ms,Saccade_Frequency,Scan_Path_Length_px,Object_ID,Object_Label,Bounding_Box_Xmin,Bounding_Box_Ymin,Bounding_Box_Xmax,Bounding_Box_Ymax,Confidence_Score,Object_Found,Robot_Alignment_Time_ms
P01,S4,3,2025-08-11T15:06:11.559988,2025-08-11T15:06:11.591156,31,1,152.75859832763672,31,0,0,41,cup,348.2305,515.0926,460.5251,646.7126,0.3047,Yes,
P01,S4,3,2025-08-11T15:06:11.625142,2025-08-11T15:06:11.625142,0,2,152.75859832763672,31,0,0,41,cup,348.2305,515.0926,460.5251,646.7126,0.3047,Yes,
P01,S4,3,2025-08-11T15:06:11.658174,2025-08-11T15:06:11.705631,47,3,152.75859832763672,78,0,0,41,cup,348.2305,515.0926,460.5251,646.7126,0.3047,Yes,
P01,S4,3,2025-08-11T15:06:11.725087,2025-08-11T15:06:11.725087,0,4,152.75859832763672,78,0,0,41,cup,348.2305,515.0926,460.5251,646.7126,0.3047,Yes,
P01,S4,3,2025-08-11T15:06:11.758276,2025-08-11T15:06:11.758276,0,5,152.75859832763672,78,0,0,41,cup,348.2305,515.0926,460.5251,646.7126,0.3047,Yes,
P01,S4,3,2025-08-11T15:06:11.791865,2025-08-11T15:06:11.791865,0,6,152.75859832763672,78,0,0,41,cup,348.2305,515.0926,460.5251,646.7126,0.3047,Yes,
P01,S4,3,2025-08-11T15:06:11.825208,2025-08-11T15:06:11.863964,38,7,152.75859832763672,117,0,0,41,cup,348.2305,515.0926,460.5251,646.7126,0.3047,Yes,
P01,S4,3,2025-08-11T15:06:11.863964,2025-08-11T15:06:11.863964,0,8,152.75859832763672,117,0,0,41,cup,348.2305,515.0926,460.5251,646.7126,0.3047,Yes,
P01,S4,3,2025-08-11T15:06:11.896857,2025-08-11T15:06:11.896857,0,9,152.75859832763672,117,0,0,41,cup,348.2305,515.0926,460.5251,646.7126,0.3047,Yes,
P01,S4,3,2025-08-11T15:06:11.925102,2025-08-11T15:06:11.959035,33,10,152.75859832763672,151,0,0,41,cup,348.2305,515.0926,460.5251,646.7126,0.3047,Yes,
P01,S4,3,2025-08-11T15:06:11.959035,2025-08-11T15:06:11.991706,32,11,152.75859832763672,183,0,0,41,cup,348.2305,515.0926,460.5251,646.7126,0.3047,Yes,
P01,S4,3,2025-08-11T15:06:11.991706,2025-08-11T15:06:12.025052,33,12,152.75859832763672,217,0,0,41,cup,348.2305,515.0926,460.5251,646.7126,0.3047,Yes,
P01,S4,3,2025-08-11T15:06:12.025052,2025-08-11T15:06:12.025052,0,13,152.75859832763672,217,0,0,41,cup,348.2305,515.0926,460.5251,646.7126,0.3047,Yes,
P01,S4,3,2025-08-11T15:06:12.058723,2025-08-11T15:06:12.058723,0,14,152.75859832763672,217,0,0,41,cup,348.2305,515.0926,460.5251,646.7126,0.3047,Yes,
P01,S4,3,2025-08-11T15:06:12.091668,2025-08-11T15:06:12.091668,0,15,152.75859832763672,217,0,0,41,cup,348.2305,515.0926,460.5251,646.7126,0.3047,Yes,
P01,S4,3,2025-08-11T15:06:12.133727,2025-08-11T15:06:12.133727,0,16,152.75859832763672,217,0,0,41,cup,348.2305,515.0926,460.5251,646.7126,0.3047,Yes,
P01,S4,3,2025-08-11T15:06:12.159053,2025-08-11T15:06:12.159053,0,17,152.75859832763672,217,0,0,41,cup,348.2305,515.0926,460.5251,646.7126,0.3047,Yes,
P01,S4,3,2025-08-11T15:06:12.192259,2025-08-11T15:06:12.192259,0,18,152.75859832763672,217,0,0,41,cup,348.2305,515.0926,460.5251,646.7126,0.3047,Yes,
P01,S4,3,2025-08-11T15:06:12.225023,2025-08-11T15:06:12.225023,0,19,152.75859832763672,217,0,0,41,cup,348.2305,515.0926,460.5251,646.7126,0.3047,Yes,
P01,S4,3,2025-08-11T15:06:12.265865,2025-08-11T15:06:12.291696,25,20,152.75859832763672,243,0,0,41,cup,348.2305,515.0926,460.5251,646.7126,0.3047,Yes,
P01,S4,3,2025-08-11T15:06:12.265865,2025-08-11T15:06:12.358130,92,1,858.6359024047852,92,0,0,15,cat,0.3815,569.2575,441.4398,926.7012,0.7225,Yes,
P01,S4,3,2025-08-11T15:06:12.437610,2025-08-11T15:06:12.557850,120,2,858.6359024047852,212,0,0,15,cat,0.3815,569.2575,441.4398,926.7012,0.7225,Yes,
P01,S4,3,2025-08-11T15:06:12.533695,2025-08-11T15:06:12.557850,24,1,1126.4657974243164,24,0,0,16,dog,0.6277,146.0886,660.3672,799.7654,0.2873,Yes,
P01,S4,3,2025-08-11T15:06:11.559988,2025-08-11T15:06:12.624388,1064,1,152.75859832763672,1064,0,0,60,dining table,5.5001,443.1106,1082.2916,1049.9567,0.3374,Yes,
P01,S4,3,2025-08-11T15:06:12.557850,2025-08-11T15:06:12.624388,66,1,1150.620698928833,66,0,0,59,bed,9.2876,501.6315,1086.9797,1063.4382,0.3105,Yes,
P01,S4,3,2025-08-11T15:06:12.658262,2025-08-11T15:06:12.793083,134,2,152.75859832763672,1199,0,0,60,dining table,5.5001,443.1106,1082.2916,1049.9567,0.3374,Yes,
P01,S4,3,2025-08-11T15:06:12.825716,2025-08-11T15:06:12.958654,132,3,152.75859832763672,1332,0,0,60,dining table,5.5001,443.1106,1082.2916,1049.9567,0.3374,Yes,
P01,S4,3,2025-08-11T15:06:13.158614,2025-08-11T15:06:13.192854,34,3,858.6359024047852,246,0,0,15,cat,0.3815,569.2575,441.4398,926.7012,0.7225,Yes,
P01,S4,3,2025-08-11T15:06:13.158614,2025-08-11T15:06:13.192854,34,2,1126.4657974243164,58,0,0,16,dog,0.6277,146.0886,660.3672,799.7654,0.2873,Yes,
P01,S4,3,2025-08-11T15:06:13.125837,2025-08-11T15:06:13.192854,67,2,1150.620698928833,133,0,0,59,bed,9.2876,501.6315,1086.9797,1063.4382,0.3105,Yes,
P01,S4,3,2025-08-11T15:06:13.224911,2025-08-11T15:06:13.258492,33,3,1150.620698928833,167,0,0,59,bed,9.2876,501.6315,1086.9797,1063.4382,0.3105,Yes,
P01,S4,3,2025-08-11T15:06:13.258492,2025-08-11T15:06:13.301547,43,4,858.6359024047852,289,0,0,15,cat,0.3815,569.2575,441.4398,926.7012,0.7225,Yes,
P01,S4,3,2025-08-11T15:06:13.393116,2025-08-11T15:06:13.427101,33,5,858.6359024047852,323,0,0,15,cat,0.3815,569.2575,441.4398,926.7012,0.7225,Yes,
P01,S4,3,2025-08-11T15:06:13.393116,2025-08-11T15:06:13.458452,65,1,1985.886573791504,65,0,0,62,tv,96.4161,1.3097,863.9437,322.7997,0.5028,Yes,
P01,S4,3,2025-08-11T15:06:13.525075,2025-08-11T15:06:13.560259,35,1,2117.8455352783203,35,0,0,9,traffic light,138.6127,171.397,196.6163,230.2468,0.3028,Yes,
P01,S4,3,2025-08-11T15:06:14.301587,2025-08-11T15:06:14.341670,40,21,152.75859832763672,283,0,0,41,cup,348.2305,515.0926,460.5251,646.7126,0.3047,Yes,
P01,S4,3,2025-08-11T15:06:14.341670,2025-08-11T15:06:14.367731,26,22,152.75859832763672,309,0,0,41,cup,348.2305,515.0926,460.5251,646.7126,0.3047,Yes,
P01,S4,3,2025-08-11T15:06:14.411955,2025-08-11T15:06:14.411955,0,23,152.75859832763672,309,0,0,41,cup,348.2305,515.0926,460.5251,646.7126,0.3047,Yes,
P01,S4,3,2025-08-11T15:06:14.448836,2025-08-11T15:06:14.448836,0,24,152.75859832763672,309,0,0,41,cup,348.2305,515.0926,460.5251,646.7126,0.3047,Yes,
P01,S4,3,2025-08-11T15:06:14.468287,2025-08-11T15:06:14.468287,0,25,152.75859832763672,309,0,0,41,cup,348.2305,515.0926,460.5251,646.7126,0.3047,Yes,
P01,S4,3,2025-08-11T15:06:14.502936,2025-08-11T15:06:14.502936,0,26,152.75859832763672,309,0,0,41,cup,348.2305,515.0926,460.5251,646.7126,0.3047,Yes,
P01,S4,3,2025-08-11T15:06:14.532945,2025-08-11T15:06:14.532945,0,27,152.75859832763672,309,0,0,41,cup,348.2305,515.0926,460.5251,646.7126,0.3047,Yes,
P01,S4,3,2025-08-11T15:06:14.564717,2025-08-11T15:06:14.564717,0,28,152.75859832763672,309,0,0,41,cup,348.2305,515.0926,460.5251,646.7126,0.3047,Yes,
P01,S4,3,2025-08-11T15:06:14.600641,2025-08-11T15:06:14.600641,0,29,152.75859832763672,309,0,0,41,cup,348.2305,515.0926,460.5251,646.7126,0.3047,Yes,
P01,S4,3,2025-08-11T15:06:14.641652,2025-08-11T15:06:14.641652,0,30,152.75859832763672,309,0,0,41,cup,348.2305,515.0926,460.5251,646.7126,0.3047,Yes,
P01,S4,3,2025-08-11T15:06:14.669607,2025-08-11T15:06:14.669607,0,31,152.75859832763672,309,0,0,41,cup,348.2305,515.0926,460.5251,646.7126,0.3047,Yes,
P01,S4,3,2025-08-11T15:06:14.713229,2025-08-11T15:06:14.733435,20,32,152.75859832763672,329,0,0,41,cup,348.2305,515.0926,460.5251,646.7126,0.3047,Yes,
P01,S4,3,2025-08-11T15:06:14.765069,2025-08-11T15:06:14.765069,0,33,152.75859832763672,329,0,0,41,cup,348.2305,515.0926,460.5251,646.7126,0.3047,Yes,
P01,S4,3,2025-08-11T15:06:14.800620,2025-08-11T15:06:14.800620,0,34,152.75859832763672,329,0,0,41,cup,348.2305,515.0926,460.5251,646.7126,0.3047,Yes,
P01,S4,3,2025-08-11T15:06:14.837305,2025-08-11T15:06:14.837305,0,35,152.75859832763672,329,0,0,41,cup,348.2305,515.0926,460.5251,646.7126,0.3047,Yes,
P01,S4,3,2025-08-11T15:06:14.864966,2025-08-11T15:06:14.864966,0,36,152.75859832763672,329,0,0,41,cup,348.2305,515.0926,460.5251,646.7126,0.3047,Yes,
P01,S4,3,2025-08-11T15:06:14.905617,2025-08-11T15:06:14.905617,0,37,152.75859832763672,329,0,0,41,cup,348.2305,515.0926,460.5251,646.7126,0.3047,Yes,
P01,S4,3,2025-08-11T15:06:14.937391,2025-08-11T15:06:14.937391,0,38,152.75859832763672,329,0,0,41,cup,348.2305,515.0926,460.5251,646.7126,0.3047,Yes,
P01,S4,3,2025-08-11T15:06:14.966290,2025-08-11T15:06:14.966290,0,39,152.75859832763672,329,0,0,41,cup,348.2305,515.0926,460.5251,646.7126,0.3047,Yes,
P01,S4,3,2025-08-11T15:06:15.007502,2025-08-11T15:06:15.007502,0,40,152.75859832763672,329,0,0,41,cup,348.2305,515.0926,460.5251,646.7126,0.3047,Yes,
P01,S4,3,2025-08-11T15:06:15.039075,2025-08-11T15:06:15.039075,0,41,152.75859832763672,329,0,0,41,cup,348.2305,515.0926,460.5251,646.7126,0.3047,Yes,
P01,S4,3,2025-08-11T15:06:15.065663,2025-08-11T15:06:15.065663,0,42,152.75859832763672,329,0,0,41,cup,348.2305,515.0926,460.5251,646.7126,0.3047,Yes,
P01,S4,3,2025-08-11T15:06:15.105029,2025-08-11T15:06:15.105029,0,43,152.75859832763672,329,0,0,41,cup,348.2305,515.0926,460.5251,646.7126,0.3047,Yes,
P01,S4,3,2025-08-11T15:06:15.137604,2025-08-11T15:06:15.137604,0,44,152.75859832763672,329,0,0,41,cup,348.2305,515.0926,460.5251,646.7126,0.3047,Yes,
P01,S4,3,2025-08-11T15:06:15.168052,2025-08-11T15:06:15.168052,0,45,152.75859832763672,329,0,0,41,cup,348.2305,515.0926,460.5251,646.7126,0.3047,Yes,
P01,S4,3,2025-08-11T15:06:15.207912,2025-08-11T15:06:15.207912,0,46,152.75859832763672,329,0,0,41,cup,348.2305,515.0926,460.5251,646.7126,0.3047,Yes,
P01,S4,3,2025-08-11T15:06:15.235562,2025-08-11T15:06:15.235562,0,47,152.75859832763672,329,0,0,41,cup,348.2305,515.0926,460.5251,646.7126,0.3047,Yes,
P01,S4,3,2025-08-11T15:06:15.265041,2025-08-11T15:06:15.265041,0,48,152.75859832763672,329,0,0,41,cup,348.2305,515.0926,460.5251,646.7126,0.3047,Yes,
P01,S4,3,2025-08-11T15:06:15.304490,2025-08-11T15:06:15.304490,0,49,152.75859832763672,329,0,0,41,cup,348.2305,515.0926,460.5251,646.7126,0.3047,Yes,
P01,S4,3,2025-08-11T15:06:15.336073,2025-08-11T15:06:15.336073,0,50,152.75859832763672,329,0,0,41,cup,348.2305,515.0926,460.5251,646.7126,0.3047,Yes,
P01,S4,3,2025-08-11T15:06:15.367200,2025-08-11T15:06:15.367200,0,51,152.75859832763672,329,0,0,41,cup,348.2305,515.0926,460.5251,646.7126,0.3047,Yes,
P01,S4,3,2025-08-11T15:06:15.400279,2025-08-11T15:06:15.400279,0,52,152.75859832763672,329,0,0,41,cup,348.2305,515.0926,460.5251,646.7126,0.3047,Yes,
P01,S4,3,2025-08-11T15:06:15.441695,2025-08-11T15:06:15.441695,0,53,152.75859832763672,329,0,0,41,cup,348.2305,515.0926,460.5251,646.7126,0.3047,Yes,
P01,S4,3,2025-08-11T15:06:15.466278,2025-08-11T15:06:15.466278,0,54,152.75859832763672,329,0,0,41,cup,348.2305,515.0926,460.5251,646.7126,0.3047,Yes,
P01,S4,3,2025-08-11T15:06:15.502258,2025-08-11T15:06:15.502258,0,55,152.75859832763672,329,0,0,41,cup,348.2305,515.0926,460.5251,646.7126,0.3047,Yes,
P01,S4,3,2025-08-11T15:06:15.536020,2025-08-11T15:06:15.536020,0,56,152.75859832763672,329,0,0,41,cup,348.2305,515.0926,460.5251,646.7126,0.3047,Yes,
P01,S4,3,2025-08-11T15:06:15.571877,2025-08-11T15:06:15.571877,0,57,152.75859832763672,329,0,0,41,cup,348.2305,515.0926,460.5251,646.7126,0.3047,Yes,
P01,S4,3,2025-08-11T15:06:15.602598,2025-08-11T15:06:15.602598,0,58,152.75859832763672,329,0,0,41,cup,348.2305,515.0926,460.5251,646.7126,0.3047,Yes,
P01,S4,3,2025-08-11T15:06:15.634724,2025-08-11T15:06:15.634724,0,59,152.75859832763672,329,0,0,41,cup,348.2305,515.0926,460.5251,646.7126,0.3047,Yes,
P01,S4,3,2025-08-11T15:06:15.667129,2025-08-11T15:06:15.667129,0,60,152.75859832763672,329,0,0,41,cup,348.2305,515.0926,460.5251,646.7126,0.3047,Yes,
P01,S4,3,2025-08-11T15:06:15.702541,2025-08-11T15:06:15.702541,0,61,152.75859832763672,329,0,0,41,cup,348.2305,515.0926,460.5251,646.7126,0.3047,Yes,
P01,S4,3,2025-08-11T15:06:14.209617,2025-08-11T15:06:15.732625,1523,4,152.75859832763672,2855,0,0,60,dining table,5.5001,443.1106,1082.2916,1049.9567,0.3374,Yes,
P01,S4,3,2025-08-11T15:06:15.732625,2025-08-11T15:06:15.732625,0,62,152.75859832763672,329,0,0,41,cup,348.2305,515.0926,460.5251,646.7126,0.3047,Yes,
P01,S4,3,2025-08-11T15:06:15.767144,2025-08-11T15:06:15.767144,0,63,152.75859832763672,329,0,0,41,cup,348.2305,515.0926,460.5251,646.7126,0.3047,Yes,
P01,S4,3,2025-08-11T15:06:15.806560,2025-08-11T15:06:15.837387,30,64,152.75859832763672,360,0,0,41,cup,348.2305,515.0926,460.5251,646.7126,0.3047,Yes,
P01,S4,3,2025-08-11T15:06:15.877600,2025-08-11T15:06:15.877600,0,65,152.75859832763672,360,0,0,41,cup,348.2305,515.0926,460.5251,646.7126,0.3047,Yes,
P01,S4,3,2025-08-11T15:06:15.906612,2025-08-11T15:06:15.906612,0,66,152.75859832763672,360,0,0,41,cup,348.2305,515.0926,460.5251,646.7126,0.3047,Yes,
P01,S4,3,2025-08-11T15:06:15.939457,2025-08-11T15:06:15.939457,0,67,152.75859832763672,360,0,0,41,cup,348.2305,515.0926,460.5251,646.7126,0.3047,Yes,
P01,S4,3,2025-08-11T15:06:15.969551,2025-08-11T15:06:15.969551,0,68,152.75859832763672,360,0,0,41,cup,348.2305,515.0926,460.5251,646.7126,0.3047,Yes,
P01,S4,3,2025-08-11T15:06:16.008726,2025-08-11T15:06:16.008726,0,69,152.75859832763672,360,0,0,41,cup,348.2305,515.0926,460.5251,646.7126,0.3047,Yes,
P01,S4,3,2025-08-11T15:06:16.038044,2025-08-11T15:06:16.038044,0,70,152.75859832763672,360,0,0,41,cup,348.2305,515.0926,460.5251,646.7126,0.3047,Yes,
P01,S4,3,2025-08-11T15:06:16.067923,2025-08-11T15:06:16.067923,0,71,152.75859832763672,360,0,0,41,cup,348.2305,515.0926,460.5251,646.7126,0.3047,Yes,
P01,S4,3,2025-08-11T15:06:16.106963,2025-08-11T15:06:16.106963,0,72,152.75859832763672,360,0,0,41,cup,348.2305,515.0926,460.5251,646.7126,0.3047,Yes,
P01,S4,3,2025-08-11T15:06:16.135365,2025-08-11T15:06:16.135365,0,73,152.75859832763672,360,0,0,41,cup,348.2305,515.0926,460.5251,646.7126,0.3047,Yes,
P01,S4,3,2025-08-11T15:06:16.164996,2025-08-11T15:06:16.164996,0,74,152.75859832763672,360,0,0,41,cup,348.2305,515.0926,460.5251,646.7126,0.3047,Yes,
P01,S4,3,2025-08-11T15:06:16.204251,2025-08-11T15:06:16.204251,0,75,152.75859832763672,360,0,0,41,cup,348.2305,515.0926,460.5251,646.7126,0.3047,Yes,
P01,S4,3,2025-08-11T15:06:16.242066,2025-08-11T15:06:16.242066,0,76,152.75859832763672,360,0,0,41,cup,348.2305,515.0926,460.5251,646.7126,0.3047,Yes,
P01,S4,3,2025-08-11T15:06:16.285604,2025-08-11T15:06:16.285604,0,77,152.75859832763672,360,0,0,41,cup,348.2305,515.0926,460.5251,646.7126,0.3047,Yes,
P01,S4,3,2025-08-11T15:06:16.301004,2025-08-11T15:06:16.301004,0,78,152.75859832763672,360,0,0,41,cup,348.2305,515.0926,460.5251,646.7126,0.3047,Yes,
P01,S4,3,2025-08-11T15:06:16.341604,2025-08-11T15:06:16.341604,0,79,152.75859832763672,360,0,0,41,cup,348.2305,515.0926,460.5251,646.7126,0.3047,Yes,
P01,S4,3,2025-08-11T15:06:16.371499,2025-08-11T15:06:16.371499,0,80,152.75859832763672,360,0,0,41,cup,348.2305,515.0926,460.5251,646.7126,0.3047,Yes,
P01,S4,3,2025-08-11T15:06:16.402193,2025-08-11T15:06:16.402193,0,81,152.75859832763672,360,0,0,41,cup,348.2305,515.0926,460.5251,646.7126,0.3047,Yes,
P01,S4,3,2025-08-11T15:06:16.445578,2025-08-11T15:06:16.445578,0,82,152.75859832763672,360,0,0,41,cup,348.2305,515.0926,460.5251,646.7126,0.3047,Yes,
P01,S4,3,2025-08-11T15:06:16.460861,2025-08-11T15:06:16.460861,0,83,152.75859832763672,360,0,0,41,cup,348.2305,515.0926,460.5251,646.7126,0.3047,Yes,
P01,S4,3,2025-08-11T15:06:16.502844,2025-08-11T15:06:16.502844,0,84,152.75859832763672,360,0,0,41,cup,348.2305,515.0926,460.5251,646.7126,0.3047,Yes,
P01,S4,3,2025-08-11T15:06:16.540991,2025-08-11T15:06:16.540991,0,85,152.75859832763672,360,0,0,41,cup,348.2305,515.0926,460.5251,646.7126,0.3047,Yes,
P01,S4,3,2025-08-11T15:06:16.565881,2025-08-11T15:06:16.600300,34,86,152.75859832763672,394,0,0,41,cup,348.2305,515.0926,460.5251,646.7126,0.3047,Yes,
P01,S4,3,2025-08-11T15:06:16.600300,2025-08-11T15:06:16.635949,35,87,152.75859832763672,430,0,0,41,cup,348.2305,515.0926,460.5251,646.7126,0.3047,Yes,
P01,S4,3,2025-08-11T15:06:16.635949,2025-08-11T15:06:16.666852,30,88,152.75859832763672,461,0,0,41,cup,348.2305,515.0926,460.5251,646.7126,0.3047,Yes,
P01,S4,3,2025-08-11T15:06:16.666852,2025-08-11T15:06:16.709682,42,89,152.75859832763672,504,0,0,41,cup,348.2305,515.0926,460.5251,646.7126,0.3047,Yes,
P01,S4,3,2025-08-11T15:06:16.732620,2025-08-11T15:06:16.769025,36,90,152.75859832763672,540,0,0,41,cup,348.2305,515.0926,460.5251,646.7126,0.3047,Yes,
P01,S4,3,2025-08-11T15:06:16.797615,2025-08-11T15:06:16.797615,0,91,152.75859832763672,540,0,0,41,cup,348.2305,515.0926,460.5251,646.7126,0.3047,Yes,
P01,S4,3,2025-08-11T15:06:16.836607,2025-08-11T15:06:16.866990,30,92,152.75859832763672,570,0,0,41,cup,348.2305,515.0926,460.5251,646.7126,0.3047,Yes,
P01,S4,3,2025-08-11T15:06:16.866990,2025-08-11T15:06:16.899774,32,93,152.75859832763672,603,0,0,41,cup,348.2305,515.0926,460.5251,646.7126,0.3047,Yes,
P01,S4,3,2025-08-11T15:06:16.899774,2025-08-11T15:06:16.934165,34,94,152.75859832763672,638,0,0,41,cup,348.2305,515.0926,460.5251,646.7126,0.3047,Yes,
P01,S4,3,2025-08-11T15:06:16.934165,2025-08-11T15:06:16.964726,30,95,152.75859832763672,668,0,0,41,cup,348.2305,515.0926,460.5251,646.7126,0.3047,Yes,
P01,S4,3,2025-08-11T15:06:16.964726,2025-08-11T15:06:16.997166,32,96,152.75859832763672,701,0,0,41,cup,348.2305,515.0926,460.5251,646.7126,0.3047,Yes,
P01,S4,3,2025-08-11T15:06:16.997166,2025-08-11T15:06:17.033768,36,97,152.75859832763672,737,0,0,41,cup,348.2305,515.0926,460.5251,646.7126,0.3047,Yes,
P01,S4,3,2025-08-11T15:06:17.033768,2025-08-11T15:06:17.066485,32,98,152.75859832763672,770,0,0,41,cup,348.2305,515.0926,460.5251,646.7126,0.3047,Yes,
P01,S4,3,2025-08-11T15:06:17.098679,2025-08-11T15:06:17.098679,0,99,152.75859832763672,770,0,0,41,cup,348.2305,515.0926,460.5251,646.7126,0.3047,Yes,
P01,S4,3,2025-08-11T15:06:17.137813,2025-08-11T15:06:17.137813,0,100,152.75859832763672,770,0,0,41,cup,348.2305,515.0926,460.5251,646.7126,0.3047,Yes,
P01,S4,3,2025-08-11T15:06:17.167030,2025-08-11T15:06:17.167030,0,101,152.75859832763672,770,0,0,41,cup,348.2305,515.0926,460.5251,646.7126,0.3047,Yes,
P01,S4,3,2025-08-11T15:06:17.199665,2025-08-11T15:06:17.199665,0,102,152.75859832763672,770,0,0,41,cup,348.2305,515.0926,460.5251,646.7126,0.3047,Yes,
P01,S4,3,2025-08-11T15:06:17.233637,2025-08-11T15:06:17.233637,0,103,152.75859832763672,770,0,0,41,cup,348.2305,515.0926,460.5251,646.7126,0.3047,Yes,
P01,S4,3,2025-08-11T15:06:15.732625,2025-08-11T15:06:17.233637,1501,4,152.75859832763672,4356,0,0,60,dining table,5.5001,443.1106,1082.2916,1049.9567,0.3374,Yes,
P01,S4,3,2025-08-11T15:06:17.277682,2025-08-11T15:06:17.277682,0,104,152.75859832763672,770,0,0,41,cup,348.2305,515.0926,460.5251,646.7126,0.3047,Yes,
P01,S4,3,2025-08-11T15:06:17.298733,2025-08-11T15:06:17.298733,0,105,152.75859832763672,770,0,0,41,cup,348.2305,515.0926,460.5251,646.7126,0.3047,Yes,
P01,S4,3,2025-08-11T15:06:17.331592,2025-08-11T15:06:17.365647,34,106,152.75859832763672,804,0,0,41,cup,348.2305,515.0926,460.5251,646.7126,0.3047,Yes,
P01,S4,3,2025-08-11T15:06:17.397660,2025-08-11T15:06:17.397660,0,107,152.75859832763672,804,0,0,41,cup,348.2305,515.0926,460.5251,646.7126,0.3047,Yes,
P01,S4,3,2025-08-11T15:06:17.435593,2025-08-11T15:06:17.435593,0,108,152.75859832763672,804,0,0,41,cup,348.2305,515.0926,460.5251,646.7126,0.3047,Yes,
P01,S4,3,2025-08-11T15:06:17.465700,2025-08-11T15:06:17.465700,0,109,152.75859832763672,804,0,0,41,cup,348.2305,515.0926,460.5251,646.7126,0.3047,Yes,
P01,S4,3,2025-08-11T15:06:17.498316,2025-08-11T15:06:17.498316,0,110,152.75859832763672,804,0,0,41,cup,348.2305,515.0926,460.5251,646.7126,0.3047,Yes,
P01,S4,3,2025-08-11T15:06:17.534980,2025-08-11T15:06:17.534980,0,111,152.75859832763672,804,0,0,41,cup,348.2305,515.0926,460.5251,646.7126,0.3047,Yes,
P01,S4,3,2025-08-11T15:06:17.564079,2025-08-11T15:06:17.564079,0,112,152.75859832763672,804,0,0,41,cup,348.2305,515.0926,460.5251,646.7126,0.3047,Yes,
P01,S4,3,2025-08-11T15:06:17.599055,2025-08-11T15:06:17.599055,0,113,152.75859832763672,804,0,0,41,cup,348.2305,515.0926,460.5251,646.7126,0.3047,Yes,
P01,S4,3,2025-08-11T15:06:17.638907,2025-08-11T15:06:17.638907,0,114,152.75859832763672,804,0,0,41,cup,348.2305,515.0926,460.5251,646.7126,0.3047,Yes,
P01,S4,3,2025-08-11T15:06:17.668298,2025-08-11T15:06:17.668298,0,115,152.75859832763672,804,0,0,41,cup,348.2305,515.0926,460.5251,646.7126,0.3047,Yes,
P01,S4,3,2025-08-11T15:06:17.696490,2025-08-11T15:06:17.696490,0,116,152.75859832763672,804,0,0,41,cup,348.2305,515.0926,460.5251,646.7126,0.3047,Yes,
P01,S4,3,2025-08-11T15:06:17.735068,2025-08-11T15:06:17.735068,0,117,152.75859832763672,804,0,0,41,cup,348.2305,515.0926,460.5251,646.7126,0.3047,Yes,
P01,S4,3,2025-08-11T15:06:17.777702,2025-08-11T15:06:17.777702,0,118,152.75859832763672,804,0,0,41,cup,348.2305,515.0926,460.5251,646.7126,0.3047,Yes,
P01,S4,3,2025-08-11T15:06:17.799931,2025-08-11T15:06:17.799931,0,119,152.75859832763672,804,0,0,41,cup,348.2305,515.0926,460.5251,646.7126,0.3047,Yes,
P01,S4,3,2025-08-11T15:06:17.833066,2025-08-11T15:06:17.863561,30,120,152.75859832763672,834,0,0,41,cup,348.2305,515.0926,460.5251,646.7126,0.3047,Yes,
P01,S4,3,2025-08-11T15:06:17.930766,2025-08-11T15:06:17.977647,46,121,152.75859832763672,881,0,0,41,cup,348.2305,515.0926,460.5251,646.7126,0.3047,Yes,
P01,S4,3,2025-08-11T15:06:17.999434,2025-08-11T15:06:17.999434,0,122,152.75859832763672,881,0,0,41,cup,348.2305,515.0926,460.5251,646.7126,0.3047,Yes,
P01,S4,3,2025-08-11T15:06:18.033745,2025-08-11T15:06:18.033745,0,123,152.75859832763672,881,0,0,41,cup,348.2305,515.0926,460.5251,646.7126,0.3047,Yes,
P01,S4,3,2025-08-11T15:06:18.069709,2025-08-11T15:06:18.069709,0,124,152.75859832763672,881,0,0,41,cup,348.2305,515.0926,460.5251,646.7126,0.3047,Yes,
P01,S4,3,2025-08-11T15:06:18.097814,2025-08-11T15:06:18.097814,0,125,152.75859832763672,881,0,0,41,cup,348.2305,515.0926,460.5251,646.7126,0.3047,Yes,
P01,S4,3,2025-08-11T15:06:18.132250,2025-08-11T15:06:18.132250,0,126,152.75859832763672,881,0,0,41,cup,348.2305,515.0926,460.5251,646.7126,0.3047,Yes,
P01,S4,3,2025-08-11T15:06:18.219041,2025-08-11T15:06:18.219041,0,127,152.75859832763672,881,0,0,41,cup,348.2305,515.0926,460.5251,646.7126,0.3047,Yes,
P01,S4,3,2025-08-11T15:06:18.236379,2025-08-11T15:06:18.236379,0,128,152.75859832763672,881,0,0,41,cup,348.2305,515.0926,460.5251,646.7126,0.3047,Yes,
P01,S4,3,2025-08-11T15:06:18.252450,2025-08-11T15:06:18.293515,41,129,152.75859832763672,922,0,0,41,cup,348.2305,515.0926,460.5251,646.7126,0.3047,Yes,
P01,S4,3,2025-08-11T15:06:18.296308,2025-08-11T15:06:18.296308,0,130,152.75859832763672,922,0,0,41,cup,348.2305,515.0926,460.5251,646.7126,0.3047,Yes,
P01,S4,3,2025-08-11T15:06:18.368383,2025-08-11T15:06:18.368383,0,131,152.75859832763672,922,0,0,41,cup,348.2305,515.0926,460.5251,646.7126,0.3047,Yes,
P01,S4,3,2025-08-11T15:06:18.402887,2025-08-11T15:06:18.402887,0,132,152.75859832763672,922,0,0,41,cup,348.2305,515.0926,460.5251,646.7126,0.3047,Yes,
P01,S4,3,2025-08-11T15:06:18.440529,2025-08-11T15:06:18.440529,0,133,152.75859832763672,922,0,0,41,cup,348.2305,515.0926,460.5251,646.7126,0.3047,Yes,
P01,S4,3,2025-08-11T15:06:18.500123,2025-08-11T15:06:18.500123,0,134,152.75859832763672,922,0,0,41,cup,348.2305,515.0926,460.5251,646.7126,0.3047,Yes,
P01,S4,3,2025-08-11T15:06:17.233637,2025-08-11T15:06:19.009186,1775,4,152.75859832763672,6131,0,0,60,dining table,5.5001,443.1106,1082.2916,1049.9567,0.3374,Yes,
P01,S4,3,2025-08-11T15:06:19.009186,2025-08-11T15:06:19.009186,0,135,152.75859832763672,922,0,0,41,cup,348.2305,515.0926,460.5251,646.7126,0.3047,Yes,
P01,S4,3,2025-08-11T15:06:19.032898,2025-08-11T15:06:19.032898,0,136,152.75859832763672,922,0,0,41,cup,348.2305,515.0926,460.5251,646.7126,0.3047,Yes,
P01,S4,3,2025-08-11T15:06:19.065604,2025-08-11T15:06:19.097609,32,137,152.75859832763672,954,0,0,41,cup,348.2305,515.0926,460.5251,646.7126,0.3047,Yes,
P01,S4,3,2025-08-11T15:06:19.135499,2025-08-11T15:06:19.135499,0,138,152.75859832763672,954,0,0,41,cup,348.2305,515.0926,460.5251,646.7126,0.3047,Yes,
P01,S4,3,2025-08-11T15:06:19.162103,2025-08-11T15:06:19.162103,0,139,152.75859832763672,954,0,0,41,cup,348.2305,515.0926,460.5251,646.7126,0.3047,Yes,
P01,S4,3,2025-08-11T15:06:19.203757,2025-08-11T15:06:19.203757,0,140,152.75859832763672,954,0,0,41,cup,348.2305,515.0926,460.5251,646.7126,0.3047,Yes,
P01,S4,3,2025-08-11T15:06:19.235992,2025-08-11T15:06:19.235992,0,141,152.75859832763672,954,0,0,41,cup,348.2305,515.0926,460.5251,646.7126,0.3047,Yes,
P01,S4,3,2025-08-11T15:06:19.265588,2025-08-11T15:06:19.265588,0,142,152.75859832763672,954,0,0,41,cup,348.2305,515.0926,460.5251,646.7126,0.3047,Yes,
P01,S4,3,2025-08-11T15:06:19.302716,2025-08-11T15:06:19.302716,0,143,152.75859832763672,954,0,0,41,cup,348.2305,515.0926,460.5251,646.7126,0.3047,Yes,
P01,S4,3,2025-08-11T15:06:19.328283,2025-08-11T15:06:19.328283,0,144,152.75859832763672,954,0,0,41,cup,348.2305,515.0926,460.5251,646.7126,0.3047,Yes,
P01,S4,3,2025-08-11T15:06:19.387573,2025-08-11T15:06:19.387573,0,145,152.75859832763672,954,0,0,41,cup,348.2305,515.0926,460.5251,646.7126,0.3047,Yes,
P01,S4,3,2025-08-11T15:06:19.404679,2025-08-11T15:06:19.404679,0,146,152.75859832763672,954,0,0,41,cup,348.2305,515.0926,460.5251,646.7126,0.3047,Yes,
P01,S4,3,2025-08-11T15:06:19.430081,2025-08-11T15:06:19.430081,0,147,152.75859832763672,954,0,0,41,cup,348.2305,515.0926,460.5251,646.7126,0.3047,Yes,
P01,S4,3,2025-08-11T15:06:19.532337,2025-08-11T15:06:19.571581,39,148,152.75859832763672,994,0,0,41,cup,348.2305,515.0926,460.5251,646.7126,0.3047,Yes,
P01,S4,3,2025-08-11T15:06:19.571581,2025-08-11T15:06:19.602526,30,149,152.75859832763672,1025,0,0,41,cup,348.2305,515.0926,460.5251,646.7126,0.3047,Yes,
P01,S4,3,2025-08-11T15:06:19.631945,2025-08-11T15:06:19.631945,0,150,152.75859832763672,1025,0,0,41,cup,348.2305,515.0926,460.5251,646.7126,0.3047,Yes,
P01,S4,3,2025-08-11T15:06:19.660446,2025-08-11T15:06:19.660446,0,151,152.75859832763672,1025,0,0,41,cup,348.2305,515.0926,460.5251,646.7126,0.3047,Yes,
P01,S4,3,2025-08-11T15:06:19.700006,2025-08-11T15:06:19.741544,41,152,152.75859832763672,1066,0,0,41,cup,348.2305,515.0926,460.5251,646.7126,0.3047,Yes,
P01,S4,3,2025-08-11T15:06:19.741544,2025-08-11T15:06:19.767526,25,153,152.75859832763672,1092,0,0,41,cup,348.2305,515.0926,460.5251,646.7126,0.3047,Yes,
P01,S4,3,2025-08-11T15:06:19.809641,2025-08-11T15:06:19.809641,0,154,152.75859832763672,1092,0,0,41,cup,348.2305,515.0926,460.5251,646.7126,0.3047,Yes,
P01,S4,3,2025-08-11T15:06:19.842831,2025-08-11T15:06:19.842831,0,155,152.75859832763672,1092,0,0,41,cup,348.2305,515.0926,460.5251,646.7126,0.3047,Yes,
P01,S4,3,2025-08-11T15:06:19.866776,2025-08-11T15:06:19.866776,0,156,152.75859832763672,1092,0,0,41,cup,348.2305,515.0926,460.5251,646.7126,0.3047,Yes,
P01,S4,3,2025-08-11T15:06:19.895851,2025-08-11T15:06:19.895851,0,157,152.75859832763672,1092,0,0,41,cup,348.2305,515.0926,460.5251,646.7126,0.3047,Yes,
P01,S4,3,2025-08-11T15:06:19.932760,2025-08-11T15:06:19.932760,0,158,152.75859832763672,1092,0,0,41,cup,348.2305,515.0926,460.5251,646.7126,0.3047,Yes,
P01,S4,3,2025-08-11T15:06:19.966992,2025-08-11T15:06:19.996716,29,159,152.75859832763672,1122,0,0,41,cup,348.2305,515.0926,460.5251,646.7126,0.3047,Yes,
P01,S4,3,2025-08-11T15:06:19.996716,2025-08-11T15:06:20.030271,33,160,152.75859832763672,1155,0,0,41,cup,348.2305,515.0926,460.5251,646.7126,0.3047,Yes,
P01,S4,3,2025-08-11T15:06:20.030271,2025-08-11T15:06:20.067888,37,161,152.75859832763672,1193,0,0,41,cup,348.2305,515.0926,460.5251,646.7126,0.3047,Yes,
P01,S4,3,2025-08-11T15:06:20.067888,2025-08-11T15:06:20.098167,30,162,152.75859832763672,1223,0,0,41,cup,348.2305,515.0926,460.5251,646.7126,0.3047,Yes,
P01,S4,3,2025-08-11T15:06:20.098167,2025-08-11T15:06:20.132417,34,163,152.75859832763672,1258,0,0,41,cup,348.2305,515.0926,460.5251,646.7126,0.3047,Yes,
P01,S4,3,2025-08-11T15:06:19.009186,2025-08-11T15:06:20.529721,1520,4,152.75859832763672,7652,0,0,60,dining table,5.5001,443.1106,1082.2916,1049.9567,0.3374,Yes,
P01,S4,3,2025-08-11T15:06:20.669269,2025-08-11T15:06:20.695397,26,164,152.75859832763672,1284,0,0,41,cup,348.2305,515.0926,460.5251,646.7126,0.3047,Yes,
P01,S4,3,2025-08-11T15:06:20.695397,2025-08-11T15:06:20.732735,37,165,152.75859832763672,1321,0,0,41,cup,348.2305,515.0926,460.5251,646.7126,0.3047,Yes,
P01,S4,3,2025-08-11T15:06:20.899127,2025-08-11T15:06:20.925146,26,166,152.75859832763672,1347,0,0,41,cup,348.2305,515.0926,460.5251,646.7126,0.3047,Yes,
P01,S4,3,2025-08-11T15:06:20.925146,2025-08-11T15:06:20.968580,43,167,152.75859832763672,1390,0,0,41,cup,348.2305,515.0926,460.5251,646.7126,0.3047,Yes,
P01,S4,3,2025-08-11T15:06:20.968580,2025-08-11T15:06:21.009966,41,168,152.75859832763672,1432,0,0,41,cup,348.2305,515.0926,460.5251,646.7126,0.3047,Yes,
P01,S4,3,2025-08-11T15:06:21.664510,2025-08-11T15:06:21.695556,31,169,152.75859832763672,1463,0,0,41,cup,348.2305,515.0926,460.5251,646.7126,0.3047,Yes,
P01,S4,3,2025-08-11T15:06:21.729164,2025-08-11T15:06:21.797289,68,170,152.75859832763672,1531,0,0,41,cup,348.2305,515.0926,460.5251,646.7126,0.3047,Yes,
P01,S4,3,2025-08-11T15:06:20.529721,2025-08-11T15:06:22.032713,1502,4,152.75859832763672,9155,0,0,60,dining table,5.5001,443.1106,1082.2916,1049.9567,0.3374,Yes,
P01,S4,3,2025-08-11T15:06:22.032713,2025-08-11T15:06:22.032713,0,171,152.75859832763672,1531,0,0,41,cup,348.2305,515.0926,460.5251,646.7126,0.3047,Yes,
P01,S4,3,2025-08-11T15:06:22.065932,2025-08-11T15:06:22.065932,0,172,152.75859832763672,1531,0,0,41,cup,348.2305,515.0926,460.5251,646.7126,0.3047,Yes,
P01,S4,3,2025-08-11T15:06:22.098455,2025-08-11T15:06:22.131461,33,173,152.75859832763672,1564,0,0,41,cup,348.2305,515.0926,460.5251,646.7126,0.3047,Yes,
P01,S4,3,2025-08-11T15:06:22.131461,2025-08-11T15:06:22.171346,39,174,152.75859832763672,1604,0,0,41,cup,348.2305,515.0926,460.5251,646.7126,0.3047,Yes,
P01,S4,3,2025-08-11T15:06:22.304188,2025-08-11T15:06:22.331465,27,175,152.75859832763672,1631,0,0,41,cup,348.2305,515.0926,460.5251,646.7126,0.3047,Yes,
P01,S4,3,2025-08-11T15:06:22.567193,2025-08-11T15:06:22.567193,0,176,152.75859832763672,1631,0,0,41,cup,348.2305,515.0926,460.5251,646.7126,0.3047,Yes,
P01,S4,3,2025-08-11T15:06:22.604403,2025-08-11T15:06:22.604403,0,177,152.75859832763672,1631,0,0,41,cup,348.2305,515.0926,460.5251,646.7126,0.3047,Yes,
P01,S4,3,2025-08-11T15:06:22.631920,2025-08-11T15:06:22.631920,0,178,152.75859832763672,1631,0,0,41,cup,348.2305,515.0926,460.5251,646.7126,0.3047,Yes,
P01,S4,3,2025-08-11T15:06:22.666508,2025-08-11T15:06:22.666508,0,179,152.75859832763672,1631,0,0,41,cup,348.2305,515.0926,460.5251,646.7126,0.3047,Yes,
P01,S4,3,2025-08-11T15:06:22.709545,2025-08-11T15:06:22.731315,21,180,152.75859832763672,1653,0,0,41,cup,348.2305,515.0926,460.5251,646.7126,0.3047,Yes,
P01,S4,3,2025-08-11T15:06:22.731315,2025-08-11T15:06:22.768695,37,181,152.75859832763672,1690,0,0,41,cup,348.2305,515.0926,460.5251,646.7126,0.3047,Yes,
P01,S4,3,2025-08-11T15:06:22.798086,2025-08-11T15:06:22.798086,0,182,152.75859832763672,1690,0,0,41,cup,348.2305,515.0926,460.5251,646.7126,0.3047,Yes,
P01,S4,3,2025-08-11T15:06:22.832532,2025-08-11T15:06:22.832532,0,183,152.75859832763672,1690,0,0,41,cup,348.2305,515.0926,460.5251,646.7126,0.3047,Yes,
P01,S4,3,2025-08-11T15:06:22.867137,2025-08-11T15:06:22.867137,0,184,152.75859832763672,1690,0,0,41,cup,348.2305,515.0926,460.5251,646.7126,0.3047,Yes,
P01,S4,3,2025-08-11T15:06:22.901331,2025-08-11T15:06:22.901331,0,185,152.75859832763672,1690,0,0,41,cup,348.2305,515.0926,460.5251,646.7126,0.3047,Yes,
P01,S4,3,2025-08-11T15:06:22.941625,2025-08-11T15:06:22.941625,0,186,152.75859832763672,1690,0,0,41,cup,348.2305,515.0926,460.5251,646.7126,0.3047,Yes,
P01,S4,3,2025-08-11T15:06:22.964763,2025-08-11T15:06:22.964763,0,187,152.75859832763672,1690,0,0,41,cup,348.2305,515.0926,460.5251,646.7126,0.3047,Yes,
P01,S4,3,2025-08-11T15:06:23.005686,2025-08-11T15:06:23.005686,0,188,152.75859832763672,1690,0,0,41,cup,348.2305,515.0926,460.5251,646.7126,0.3047,Yes,
P01,S4,3,2025-08-11T15:06:23.033260,2025-08-11T15:06:23.033260,0,189,152.75859832763672,1690,0,0,41,cup,348.2305,515.0926,460.5251,646.7126,0.3047,Yes,
P01,S4,3,2025-08-11T15:06:23.064703,2025-08-11T15:06:23.064703,0,190,152.75859832763672,1690,0,0,41,cup,348.2305,515.0926,460.5251,646.7126,0.3047,Yes,
P01,S4,3,2025-08-11T15:06:23.106591,2025-08-11T15:06:23.106591,0,191,152.75859832763672,1690,0,0,41,cup,348.2305,515.0926,460.5251,646.7126,0.3047,Yes,
P01,S4,3,2025-08-11T15:06:23.132024,2025-08-11T15:06:23.132024,0,192,152.75859832763672,1690,0,0,41,cup,348.2305,515.0926,460.5251,646.7126,0.3047,Yes,
P01,S4,3,2025-08-11T15:06:23.231302,2025-08-11T15:06:23.265221,33,193,152.75859832763672,1724,0,0,41,cup,348.2305,515.0926,460.5251,646.7126,0.3047,Yes,
P01,S4,3,2025-08-11T15:06:23.399637,2025-08-11T15:06:23.399637,0,194,152.75859832763672,1724,0,0,41,cup,348.2305,515.0926,460.5251,646.7126,0.3047,Yes,
P01,S4,3,2025-08-11T15:06:22.032713,2025-08-11T15:06:23.564807,1532,4,152.75859832763672,10687,0,0,60,dining table,5.5001,443.1106,1082.2916,1049.9567,0.3374,Yes,
P01,S4,3,2025-08-11T15:06:23.598339,2025-08-11T15:06:23.598339,0,195,152.75859832763672,1724,0,0,41,cup,348.2305,515.0926,460.5251,646.7126,0.3047,Yes,
P01,S4,3,2025-08-11T15:06:23.631364,2025-08-11T15:06:23.631364,0,196,152.75859832763672,1724,0,0,41,cup,348.2305,515.0926,460.5251,646.7126,0.3047,Yes,
P01,S4,3,2025-08-11T15:06:23.665245,2025-08-11T15:06:23.665245,0,197,152.75859832763672,1724,0,0,41,cup,348.2305,515.0926,460.5251,646.7126,0.3047,Yes,
P01,S4,3,2025-08-11T15:06:23.705337,2025-08-11T15:06:23.705337,0,198,152.75859832763672,1724,0,0,41,cup,348.2305,515.0926,460.5251,646.7126,0.3047,Yes,
P01,S4,3,2025-08-11T15:06:23.731930,2025-08-11T15:06:23.731930,0,199,152.75859832763672,1724,0,0,41,cup,348.2305,515.0926,460.5251,646.7126,0.3047,Yes,
P01,S4,3,2025-08-11T15:06:23.773569,2025-08-11T15:06:23.773569,0,200,152.75859832763672,1724,0,0,41,cup,348.2305,515.0926,460.5251,646.7126,0.3047,Yes,
P01,S4,3,2025-08-11T15:06:23.798175,2025-08-11T15:06:23.798175,0,201,152.75859832763672,1724,0,0,41,cup,348.2305,515.0926,460.5251,646.7126,0.3047,Yes,
P01,S4,3,2025-08-11T15:06:23.841620,2025-08-11T15:06:23.841620,0,202,152.75859832763672,1724,0,0,41,cup,348.2305,515.0926,460.5251,646.7126,0.3047,Yes,
P01,S4,3,2025-08-11T15:06:23.865056,2025-08-11T15:06:23.865056,0,203,152.75859832763672,1724,0,0,41,cup,348.2305,515.0926,460.5251,646.7126,0.3047,Yes,
P01,S4,3,2025-08-11T15:06:23.898038,2025-08-11T15:06:23.898038,0,204,152.75859832763672,1724,0,0,41,cup,348.2305,515.0926,460.5251,646.7126,0.3047,Yes,
P01,S4,3,2025-08-11T15:06:24.065252,2025-08-11T15:06:24.100212,34,205,152.75859832763672,1759,0,0,41,cup,348.2305,515.0926,460.5251,646.7126,0.3047,Yes,
P01,S4,3,2025-08-11T15:06:24.100212,2025-08-11T15:06:24.131393,31,206,152.75859832763672,1790,0,0,41,cup,348.2305,515.0926,460.5251,646.7126,0.3047,Yes,
P01,S4,3,2025-08-11T15:06:24.131393,2025-08-11T15:06:24.164523,33,207,152.75859832763672,1824,0,0,41,cup,348.2305,515.0926,460.5251,646.7126,0.3047,Yes,
P01,S4,3,2025-08-11T15:06:24.198524,2025-08-11T15:06:24.231393,32,208,152.75859832763672,1856,0,0,41,cup,348.2305,515.0926,460.5251,646.7126,0.3047,Yes,
P01,S4,3,2025-08-11T15:06:24.264599,2025-08-11T15:06:24.264599,0,209,152.75859832763672,1856,0,0,41,cup,348.2305,515.0926,460.5251,646.7126,0.3047,Yes,
P01,S4,3,2025-08-11T15:06:24.300500,2025-08-11T15:06:24.300500,0,210,152.75859832763672,1856,0,0,41,cup,348.2305,515.0926,460.5251,646.7126,0.3047,Yes,
P01,S4,3,2025-08-11T15:06:24.332249,2025-08-11T15:06:24.332249,0,211,152.75859832763672,1856,0,0,41,cup,348.2305,515.0926,460.5251,646.7126,0.3047,Yes,
P01,S4,3,2025-08-11T15:06:24.373792,2025-08-11T15:06:24.373792,0,212,152.75859832763672,1856,0,0,41,cup,348.2305,515.0926,460.5251,646.7126,0.3047,Yes,
